"title","address","info","totalPrice","unitPrice"
"南三环 石榴园南里两居室 楼层好 户型好 年代新","石榴园南里小区    -  刘家窑","2室1厅 | 59.81平米 | 东 西 | 精装 | 低楼层(共6层) | 2002年建 | 板楼","335万","56,011元/平"
"宋家庄地铁 华芳嘉园 精装两室一厅 满五唯一商品房","华芳嘉园    -  宋家庄","2室1厅 | 88.13平米 | 南 北 | 精装 | 高楼层(共6层) | 2000年建 | 板楼","535万","60,706元/平"
"宋家庄家园两居室业主诚意出售看房约起来","宋家庄家园二区    -  刘家窑","2室1厅 | 69.12平米 | 西南 | 简装 | 高楼层(共29层) | 2010年建 | 塔楼","450万","65,105元/平"
"方安苑   满五年唯一   南向 两居室","方安苑    -  宋家庄","2室2厅 | 101平米 | 南 | 其他 | 低楼层(共24层) | 2001年建 | 塔楼","566万","56,040元/平"
"满五年唯一  精装修  东向不临街 对花园 视野开阔","晶城秀府    -  成寿寺","1室1厅 | 58.83平米 | 东 | 精装 | 高楼层(共20层) | 2010年建 | 塔楼","435万","73,942元/平"
"电梯房，中高楼层，东南北向有窗，小区内部安静。","石榴园北里小区    -  刘家窑","3室1厅 | 85.48平米 | 西南 北 | 精装 | 中楼层(共18层) | 2000年建 | 塔楼","488万","57,090元/平"
"鑫兆雅园北区 正规两居室 西南向 格局方正","鑫兆雅园北区    -  刘家窑","2室1厅 | 68.81平米 | 南 | 简装 | 底层(共6层) | 2005年建 | 板楼","510万","74,118元/平"
"晶城秀府朝东两居室 阳光充足正对小区花园","晶城秀府    -  成寿寺","2室2厅 | 148.38平米 | 东 | 精装 | 中楼层(共14层) | 2010年建 | 塔楼","960万","64,699元/平"
"全朝南大两居  高楼层视野好 不临街 满五唯一商品房","世纪星家园    -  宋家庄","2室1厅 | 106.19平米 | 南 | 简装 | 高楼层(共21层) | 2003年建 | 板塔结合","690万","64,978元/平"
"政馨园一区复式两居室，满五唯一商品房","政馨园一区    -  宋家庄","2室2厅 | 91.1平米 | 东 | 精装 | 高楼层(共10层) | 2003年建 | 板塔结合","483万","53,019元/平"
"政馨园二区 朝东一居室 精装修","政馨园二区    -  宋家庄","1室1厅 | 67.84平米 | 东 | 精装 | 低楼层(共17层) | 2004年建 | 板塔结合","369万","54,393元/平"
"电梯房，高楼层，东南向视线好，小区内部安静，单价低","石榴园北里小区    -  刘家窑","2室1厅 | 82.85平米 | 东南 | 简装 | 高楼层(共18层) | 2000年建 | 塔楼","390万","47,074元/平"
"方庄桥边 东向两居 带大阳台 采光好","世纪星家园    -  宋家庄","2室1厅 | 98.26平米 | 东 | 简装 | 中楼层(共30层) | 2003年建 | 塔楼","540万","54,957元/平"
"满5年唯一商品房 南向户型方正 一层三户  集中供暖","方泽园    -  宋家庄","1室2厅 | 66.44平米 | 南 | 精装 | 低楼层(共16层) | 2005年建 | 板塔结合","399万","60,055元/平"
"全南向一居室 卧室带阳台 视野开阔 采光充足","晶城秀府    -  成寿寺","1室1厅 | 62.41平米 | 南 | 精装 | 中楼层(共20层) | 2010年建 | 塔楼","465万","74,508元/平"
"世纪星家园，满五唯一，采光好，小区环境好，商品房","世纪星家园    -  宋家庄","1室0厅 | 50.33平米 | 东 | 精装 | 中楼层(共30层) | 2003年建 | 塔楼","290万","57,620元/平"
"鑫兆雅园北区 南北通透 低楼层 户型方正","鑫兆雅园北区    -  刘家窑","2室2厅 | 94.26平米 | 南 北 | 简装 | 低楼层(共6层) | 2005年建 | 板楼","680万","72,141元/平"
"2013年建成环境好 板楼两梯四户 南北通透 视野开阔","顶秀金石家园    -  宋家庄","2室1厅 | 80.48平米 | 南 北 | 简装 | 高楼层(共24层) | 2013年建 | 板楼","445万","55,294元/平"
"政馨园一区满五年唯一商品房 东向一居 大阳台","政馨园一区    -  宋家庄","1室0厅 | 59.23平米 | 东 | 简装 | 18层 | 2003年建 | 板塔结合","309万","52,170元/平"
"东铁营南三环横一条，朝东一居室，看房随时","横一条    -  宋家庄","1室1厅 | 41.44平米 | 东 | 简装 | 中楼层(共6层) | 1992年建 | 板楼","220万","53,089元/平"
"房子满五年  房子通风效果好 视野好 采光充足","石榴园南里小区    -  刘家窑","1室1厅 | 52.03平米 | 西 | 简装 | 中楼层(共9层) | 1998年建 | 板塔结合","255万","49,011元/平"
"世纪星家园朝东向开间 中楼层 户型方正 观景房","世纪星家园    -  宋家庄","1室0厅 | 47.73平米 | 东 | 精装 | 低楼层(共29层) | 2003年建 | 板塔结合","276万","57,826元/平"
"一栋苑，精装修商品房 带电梯 。","一栋苑    -  刘家窑","3室1厅 | 90.94平米 | 东北 | 精装 | 低楼层(共24层) | 2002年建 | 塔楼","425万","46,735元/平"
"三环边 满五唯一 精装修婚房 小区环境好","南方庄小区    -  宋家庄","2室1厅 | 54.78平米 | 东 西 | 精装 | 高楼层(共6层) | 1992年建 | 板楼","299万","54,582元/平"
"南北三居室，前后没有遮挡，采光足，诚心出售","横一条    -  宋家庄","3室1厅 | 69.3平米 | 南 北 | 毛坯 | 中楼层(共5层) | 1988年建 | 板楼","380万","54,835元/平"
"宋家庄刘家窑世纪星家园2居室满5年唯一 大飘窗大客厅","世纪星家园    -  宋家庄","3室2厅 | 107.63平米 | 西南 | 精装 | 中楼层(共21层) | 2002年建 | 板塔结合","638万","59,278元/平"
"南三环 方庄 刘家窑 满五唯一 诚心出售","横一条    -  宋家庄","3室1厅 | 58.5平米 | 东 西北 | 精装 | 中楼层(共6层) | 1989年建 | 板楼","312万","53,334元/平"
"政馨园二区 西南向两居室 精装修","政馨园二区    -  宋家庄","2室1厅 | 87.26平米 | 西南 | 精装 | 低楼层(共17层) | 2004年建 | 板塔结合","565万","64,750元/平"
"精装修 户型方正 小区车位充足","晶城秀府    -  成寿寺","1室1厅 | 72.01平米 | 南 西 北 | 精装 | 中楼层(共20层) | 2010年建 | 塔楼","488万","67,769元/平"
"政怡家园 市政府家属院 安静 看房方便","政怡家园    -  宋家庄","2室1厅 | 92.79平米 | 东 | 简装 | 高楼层(共20层) | 2006年建 | 塔楼","540万","58,196元/平"
"南三环 石榴园南里两居室 楼层好 户型好 年代新","石榴园南里小区    -  刘家窑","2室1厅 | 59.81平米 | 东 西 | 精装 | 低楼层(共6层) | 2002年建 | 板楼","335万","56,011元/平"
"宋家庄地铁 华芳嘉园 精装两室一厅 满五唯一商品房","华芳嘉园    -  宋家庄","2室1厅 | 88.13平米 | 南 北 | 精装 | 高楼层(共6层) | 2000年建 | 板楼","535万","60,706元/平"
"宋家庄家园两居室业主诚意出售看房约起来","宋家庄家园二区    -  刘家窑","2室1厅 | 69.12平米 | 西南 | 简装 | 高楼层(共29层) | 2010年建 | 塔楼","450万","65,105元/平"
"方安苑   满五年唯一   南向 两居室","方安苑    -  宋家庄","2室2厅 | 101平米 | 南 | 其他 | 低楼层(共24层) | 2001年建 | 塔楼","566万","56,040元/平"
"满五年唯一  精装修  东向不临街 对花园 视野开阔","晶城秀府    -  成寿寺","1室1厅 | 58.83平米 | 东 | 精装 | 高楼层(共20层) | 2010年建 | 塔楼","435万","73,942元/平"
"鑫兆雅园北区 正规两居室 西南向 格局方正","鑫兆雅园北区    -  刘家窑","2室1厅 | 68.81平米 | 南 | 简装 | 底层(共6层) | 2005年建 | 板楼","510万","74,118元/平"
"电梯房，中高楼层，东南北向有窗，小区内部安静。","石榴园北里小区    -  刘家窑","3室1厅 | 85.48平米 | 西南 北 | 精装 | 中楼层(共18层) | 2000年建 | 塔楼","488万","57,090元/平"
"晶城秀府朝东两居室 阳光充足正对小区花园","晶城秀府    -  成寿寺","2室2厅 | 148.38平米 | 东 | 精装 | 中楼层(共14层) | 2010年建 | 塔楼","960万","64,699元/平"
"全朝南大两居  高楼层视野好 不临街 满五唯一商品房","世纪星家园    -  宋家庄","2室1厅 | 106.19平米 | 南 | 简装 | 高楼层(共21层) | 2003年建 | 板塔结合","690万","64,978元/平"
"政馨园二区 朝东一居室 精装修","政馨园二区    -  宋家庄","1室1厅 | 67.84平米 | 东 | 精装 | 低楼层(共17层) | 2004年建 | 板塔结合","369万","54,393元/平"
"政馨园一区复式两居室，满五唯一商品房","政馨园一区    -  宋家庄","2室2厅 | 91.1平米 | 东 | 精装 | 高楼层(共10层) | 2003年建 | 板塔结合","483万","53,019元/平"
"满5年唯一商品房 南向户型方正 一层三户  集中供暖","方泽园    -  宋家庄","1室2厅 | 66.44平米 | 南 | 精装 | 低楼层(共16层) | 2005年建 | 板塔结合","399万","60,055元/平"
"方庄桥边 东向两居 带大阳台 采光好","世纪星家园    -  宋家庄","2室1厅 | 98.26平米 | 东 | 简装 | 中楼层(共30层) | 2003年建 | 塔楼","540万","54,957元/平"
"电梯房，高楼层，东南向视线好，小区内部安静，单价低","石榴园北里小区    -  刘家窑","2室1厅 | 82.85平米 | 东南 | 简装 | 高楼层(共18层) | 2000年建 | 塔楼","390万","47,074元/平"
"全南向一居室 卧室带阳台 视野开阔 采光充足","晶城秀府    -  成寿寺","1室1厅 | 62.41平米 | 南 | 精装 | 中楼层(共20层) | 2010年建 | 塔楼","465万","74,508元/平"
"世纪星家园，满五唯一，采光好，小区环境好，商品房","世纪星家园    -  宋家庄","1室0厅 | 50.33平米 | 东 | 精装 | 中楼层(共30层) | 2003年建 | 塔楼","290万","57,620元/平"
"鑫兆雅园北区 南北通透 低楼层 户型方正","鑫兆雅园北区    -  刘家窑","2室2厅 | 94.26平米 | 南 北 | 简装 | 低楼层(共6层) | 2005年建 | 板楼","680万","72,141元/平"
"2013年建成环境好 板楼两梯四户 南北通透 视野开阔","顶秀金石家园    -  宋家庄","2室1厅 | 80.48平米 | 南 北 | 简装 | 高楼层(共24层) | 2013年建 | 板楼","445万","55,294元/平"
"政馨园一区满五年唯一商品房 东向一居 大阳台","政馨园一区    -  宋家庄","1室0厅 | 59.23平米 | 东 | 简装 | 18层 | 2003年建 | 板塔结合","309万","52,170元/平"
"东铁营南三环横一条，朝东一居室，看房随时","横一条    -  宋家庄","1室1厅 | 41.44平米 | 东 | 简装 | 中楼层(共6层) | 1992年建 | 板楼","220万","53,089元/平"
"世纪星家园朝东向开间 中楼层 户型方正 观景房","世纪星家园    -  宋家庄","1室0厅 | 47.73平米 | 东 | 精装 | 低楼层(共29层) | 2003年建 | 板塔结合","276万","57,826元/平"
"房子满五年  房子通风效果好 视野好 采光充足","石榴园南里小区    -  刘家窑","1室1厅 | 52.03平米 | 西 | 简装 | 中楼层(共9层) | 1998年建 | 板塔结合","255万","49,011元/平"
"一栋苑，精装修商品房 带电梯 。","一栋苑    -  刘家窑","3室1厅 | 90.94平米 | 东北 | 精装 | 低楼层(共24层) | 2002年建 | 塔楼","425万","46,735元/平"
"三环边 满五唯一 精装修婚房 小区环境好","南方庄小区    -  宋家庄","2室1厅 | 54.78平米 | 东 西 | 精装 | 高楼层(共6层) | 1992年建 | 板楼","299万","54,582元/平"
"南北三居室，前后没有遮挡，采光足，诚心出售","横一条    -  宋家庄","3室1厅 | 69.3平米 | 南 北 | 毛坯 | 中楼层(共5层) | 1988年建 | 板楼","380万","54,835元/平"
"宋家庄刘家窑世纪星家园2居室满5年唯一 大飘窗大客厅","世纪星家园    -  宋家庄","3室2厅 | 107.63平米 | 西南 | 精装 | 中楼层(共21层) | 2002年建 | 板塔结合","638万","59,278元/平"
"南三环 方庄 刘家窑 满五唯一 诚心出售","横一条    -  宋家庄","3室1厅 | 58.5平米 | 东 西北 | 精装 | 中楼层(共6层) | 1989年建 | 板楼","312万","53,334元/平"
"精装修 户型方正 小区车位充足","晶城秀府    -  成寿寺","1室1厅 | 72.01平米 | 南 西 北 | 精装 | 中楼层(共20层) | 2010年建 | 塔楼","488万","67,769元/平"
"满五年唯一住房，节省成本，两居室 小区出门就是地铁","政馨园三区    -  宋家庄","2室1厅 | 97.34平米 | 东 | 精装 | 低楼层(共21层) | 2003年建 | 塔楼","490万","50,340元/平"
"政馨园二区 西南向两居室 精装修","政馨园二区    -  宋家庄","2室1厅 | 87.26平米 | 西南 | 精装 | 低楼层(共17层) | 2004年建 | 板塔结合","565万","64,750元/平"
"满五年唯一住房，节省成本，两居室 小区出门就是地铁","政馨园三区    -  宋家庄","2室1厅 | 97.34平米 | 东 | 精装 | 低楼层(共21层) | 2003年建 | 塔楼","490万","50,340元/平"
"板楼带电梯 独立门禁 全南一居室 满两年 商品房","政馨园三区    -  宋家庄","1室1厅 | 76.82平米 | 南 | 简装 | 中楼层(共12层) | 2003年建 | 塔楼","495万","64,437元/平"
"宋庄路甲12号院 中间楼层 装修好","宋庄路甲12号院    -  宋家庄","1室1厅 | 42.75平米 | 南 北 | 精装 | 中楼层(共6层) | 1995年建 | 板楼","225万","52,632元/平"
"满五年唯一商品房 西南向 正规一居室","政馨园二区    -  宋家庄","1室1厅 | 61.99平米 | 西南 | 简装 | 高楼层(共17层) | 2004年建 | 板塔结合","348万","56,139元/平"
"宋家庄 刘家窑 红狮家园方正大一居 全天采光 可转商","红狮家园    -  宋家庄","1室1厅 | 70.53平米 | 西 | 精装 | 低楼层(共29层) | 2010年建 | 板楼","398万","56,430元/平"
"宋家庄家园满五年唯一，中间楼层没有遮挡，东南采光好","宋家庄家园一区    -  刘家窑","1室1厅 | 52.37平米 | 东南 | 精装 | 中楼层(共25层) | 2010年建 | 塔楼","320万","61,104元/平"
"方南家园两居  精装修  满五年唯一的商品房，","方南家园一期    -  刘家窑","2室1厅 | 51.17平米 | 南 北 | 精装 | 中楼层(共6层) | 1998年建 | 板楼","309万","60,387元/平"
"商品房 全东向 大两居室 安静不临街","政馨园二区    -  宋家庄","2室1厅 | 97.31平米 | 东 | 简装 | 低楼层(共20层) | 2004年建 | 板塔结合","475万","48,814元/平"
"元熙华府 精装两居 中间楼层 拎包入住","元熙华府    -  宋家庄","2室1厅 | 63.35平米 | 东 | 精装 | 低楼层(共27层) | 2019年建 | 板楼","542万","85,557元/平"
"南三环 正规两居室 满五年唯一 精装修","宋庄路    -  宋家庄","2室1厅 | 55.56平米 | 东 西 | 精装 | 高楼层(共6层) | 1990年建 | 板楼","312万","56,156元/平"
"晶城秀府复式 景观房 全明格局 精装修 双卫带窗户","晶城秀府    -  成寿寺","3室2厅 | 178.96平米 | 东 | 精装 | 低楼层(共14层) | 2009年建 | 塔楼","1160万","64,819元/平"
"翠庭园  商品房 朝东采光好无遮挡  随时可看 诚心出售","翠庭园    -  宋家庄","1室1厅 | 46.21平米 | 东 | 精装 | 中楼层(共21层) | 2003年建 | 塔楼","295万","63,839元/平"
"福臻家园  状元城  成寿寺路18号","福臻家园南区    -  宋家庄","1室1厅 | 77.81平米 | 西 | 简装 | 高楼层(共16层) | 2008年建 | 塔楼","398万","51,151元/平"
"南三环 宋家庄正规两居室 单价4.5万","一栋苑    -  刘家窑","2室1厅 | 90.94平米 | 北 | 简装 | 中楼层(共24层) | 2002年建 | 塔楼","408万","44,865元/平"
"顶秀欣园西苑，满五唯一商品房，精装修","顶秀欣园西苑    -  宋家庄","2室1厅 | 91.39平米 | 南 | 精装 | 中楼层(共22层) | 2003年建 | 塔楼","655万","71,671元/平"
"翠庭园小区 正规大四居室 南北向 交通方便","翠庭园    -  宋家庄","4室1厅 | 150.88平米 | 南 北 | 简装 | 底层(共21层) | 2003年建 | 塔楼","818万","54,216元/平"
"东西通透两居室，带客厅，交通方便。","宋庄路甲12号院    -  宋家庄","2室1厅 | 76.2平米 | 东 西 | 精装 | 中楼层(共6层) | 1995年建 | 板楼","340万","44,620元/平"
"北京金茂府 南北通透四居  精装修 科技住宅 新风系统","北京金茂府    -  宋家庄","4室2厅 | 198.98平米 | 南 北 | 精装 | 中楼层(共21层) | 2019年建 | 板塔结合","2350万","118,103元/平"
"宋家庄两居室 有客厅   满五年 看房方便","顺五条    -  刘家窑","2室1厅 | 60.46平米 | 东 西 | 简装 | 高楼层(共6层) | 1998年建 | 板楼","320万","52,928元/平"
"翠庭园小区 中间楼层有电梯，阳光充足","翠庭园    -  宋家庄","3室2厅 | 123.41平米 | 东南 | 简装 | 中楼层(共21层) | 2003年建 | 塔楼","730万","59,153元/平"
"满五年，商品房，明厨明卫，格局方正","政馨园三区    -  宋家庄","1室1厅 | 63.68平米 | 北 | 简装 | 中楼层(共22层) | 2003年建 | 塔楼","345万","54,178元/平"
"2017年建成，宋家庄周边比较新的小区。","鲁能钓鱼台美高梅公馆    -  刘家窑","2房间1卫 | 45.34平米 | 西 | 精装 | 中楼层(共18层) | 2017年建 | 塔楼","218万","48,082元/平"
"南三环东铁营桥西南角 南向一居 满五唯一商品房","横一条    -  宋家庄","1室1厅 | 43.21平米 | 南 | 简装 | 中楼层(共6层) | 1992年建 | 板楼","255万","59,015元/平"
"方安苑   南北通透  大户型 一梯一户 精装修 诚心卖","方安苑    -  宋家庄","4室2厅 | 288平米 | 南 北 | 精装 | 中楼层(共9层) | 2000年建 | 板塔结合","1580万","54,862元/平"
"翠庭园 2室2厅 南 北","翠庭园    -  宋家庄","2室2厅 | 77.3平米 | 南 北 | 精装 | 低楼层(共6层) | 2002年建 | 板楼","510万","65,977元/平"
"政馨园一区 中间楼层 商品房 业主诚心出售","政馨园一区    -  宋家庄","1室0厅 | 45.67平米 | 北 | 精装 | 中楼层(共11层) | 2003年建 | 板塔结合","270万","59,120元/平"
"三环边 大2居  大阳台 视野开阔  采光棒","世纪星家园    -  宋家庄","2室1厅 | 98.03平米 | 东 | 简装 | 中楼层(共30层) | 2003年建 | 塔楼","560万","57,126元/平"
"宋家庄地铁口板楼南北通透三居室 满5年","宋庄路43号院    -  刘家窑","3室1厅 | 105.57平米 | 南 北 | 简装 | 中楼层(共7层) | 2004年建 | 板楼","670万","63,465元/平"
"映天朗满五年唯一商品房 南北通透板楼三居室","映天朗    -  宋家庄","3室1厅 | 141.68平米 | 南 北 | 精装 | 中楼层(共6层) | 2007年建 | 板楼","985万","69,523元/平"
"华芳嘉园  中间楼层  南北通透","华芳嘉园    -  宋家庄","2室1厅 | 88.02平米 | 南 北 | 简装 | 中楼层(共6层) | 2000年建 | 板楼","535万","60,782元/平"
"石榴园南里小区正规一居室店长推荐","石榴园南里小区    -  刘家窑","1室1厅 | 47.2平米 | 西 | 简装 | 顶层(共6层) | 2002年建 | 板楼","255万","54,026元/平"
"三环边复式 四世同堂 双卫 客厅有窗户","方南家园一期    -  刘家窑","4室2厅 | 174.9平米 | 南 北 | 简装 | 顶层(共6层) | 1996年建 | 板楼","599万","34,249元/平"
"晶城秀府  诚心出售  看房方便 精装修","晶城秀府    -  成寿寺","4室1厅 | 177.55平米 | 东 | 精装 | 中楼层(共14层) | 2009年建 | 塔楼","1130万","63,645元/平"
"6层电梯洋房，一梯两户，三卧室朝南","映天朗    -  宋家庄","4室2厅 | 161.39平米 | 南 西 北 | 精装 | 高楼层(共6层) | 2007年建 | 板楼","1088万","67,415元/平"
"鑫兆雅园南区 南北通透 三居室","鑫兆雅园南区    -  刘家窑","3室2厅 | 115.7平米 | 南 北 | 简装 | 中楼层(共6层) | 2002年建 | 板楼","805万","69,577元/平"
"横七条44号院 三环边上 有电梯 中间层","一栋苑    -  刘家窑","2室1厅 | 88.09平米 | 北 | 简装 | 中楼层(共24层) | 2001年建 | 塔楼","458万","51,993元/平"
"政馨园二区   精装修   中间楼层","政馨园二区    -  宋家庄","2室1厅 | 87.95平米 | 西 北 | 精装 | 高楼层(共17层) | 2004年建 | 板塔结合","570万","64,810元/平"
"横一条 2室1厅 南","横一条    -  宋家庄","2室1厅 | 51.7平米 | 南 | 精装 | 中楼层(共6层) | 1983年建 | 板楼","320万","61,896元/平"
"扑满山 1室1厅 东 北","扑满山    -  刘家窑","1室1厅 | 151.65平米 | 东 北 | 简装 | 18层 | 2004年建 | 塔楼","480万","31,652元/平"
"世纪星家园 人车分流 视野开阔 无抵押 业主配合签约","世纪星家园    -  宋家庄","3室1厅 | 108.79平米 | 东 西 北 | 精装 | 中楼层(共21层) | 2003年建 | 塔楼","640万","58,829元/平"
"2010年建成 2梯4户 万科开发 满五唯一 明厨明卫","红狮家园    -  宋家庄","2室1厅 | 89.82平米 | 东 西 | 简装 | 底层(共29层) | 2010年建 | 板楼","469万","52,216元/平"
"南方庄全南向两居室 全新改造新小区","南方庄小区    -  宋家庄","2室1厅 | 61.7平米 | 南 北 | 精装 | 低楼层(共14层) | 1990年建 | 板楼","360万","58,347元/平"
"满五年唯一商品房，精装修，拎包入住，诚心出售，","福臻家园南区    -  宋家庄","2室1厅 | 70.47平米 | 东 | 精装 | 低楼层(共16层) | 2008年建 | 塔楼","439万","62,297元/平"
"2003年商品房社区 少有的复式结构 视野宽阔 采光充足","翠庭园    -  宋家庄","3室2厅 | 146.35平米 | 南 北 | 简装 | 顶层(共6层) | 2003年建 | 板楼","669万","45,713元/平"
"华芳嘉园  2001年商品房社区 顶层复式","华芳嘉园    -  宋家庄","3室2厅 | 148.8平米 | 南 北 | 简装 | 顶层(共6层) | 2001年建 | 板楼","685万","46,035元/平"
"三环边，横一条南北两居室，中间楼层，随时签约","横一条    -  宋家庄","2室1厅 | 57.73平米 | 南 北 | 简装 | 中楼层(共6层) | 1995年建 | 板楼","338万","58,549元/平"
"三环边 精装2居 全明格局 满五年唯一  有固定车位","横一条    -  宋家庄","2室1厅 | 59.7平米 | 东 西 | 精装 | 中楼层(共6层) | 1989年建 | 板楼","335万","56,114元/平"
"政馨园一区 南北通透 一梯两户","政馨园一区    -  宋家庄","2室1厅 | 113.93平米 | 南 北 | 简装 | 顶层(共10层) | 2003年建 | 板塔结合","625万","54,859元/平"
"方庄世纪星两居，满五年唯一，三环观景房","世纪星家园    -  宋家庄","2室1厅 | 98.72平米 | 东 | 精装 | 中楼层(共29层) | 2003年建 | 板塔结合","630万","63,817元/平"
"石榴园北里，带电梯一居室，采光无遮挡！","石榴园北里小区    -  刘家窑","1室1厅 | 50.4平米 | 东 | 其他 | 高楼层(共9层) | 1995年建 | 板塔结合","265万","52,580元/平"
"石榴园北里小区/南北通透/一层","石榴园北里小区    -  刘家窑","2室1厅 | 58.51平米 | 南 北 | 简装 | 底层(共6层) | 1992年建 | 板楼","340万","58,110元/平"
"石榴园北里三居 楼层高没有遮挡","石榴园北里小区    -  刘家窑","3室1厅 | 78.99平米 | 东 西 北 | 简装 | 顶层(共6层) | 1996年建 | 板楼","365万","46,209元/平"
"石榴园南里小区带电梯正规一居室","石榴园南里小区    -  刘家窑","1室1厅 | 45.89平米 | 西 | 其他 | 顶层(共9层) | 1998年建 | 板塔结合","264万","57,529元/平"
"红狮家园，朝东上午采光，户型方正，格局设计合理","红狮家园    -  宋家庄","2室1厅 | 70.76平米 | 东 | 其他 | 低楼层(共25层) | 2010年建 | 板楼","420万","59,356元/平"
"华芳嘉园  南北向商品房 满五年","华芳嘉园    -  宋家庄","3室1厅 | 149.24平米 | 南 北 | 简装 | 顶层(共6层) | 2000年建 | 板楼","650万","43,555元/平"
"三环边 四居室 精装修 满五年唯一商品房 靠谱出售","方南家园一期    -  刘家窑","4室2厅 | 148.8平米 | 东 西 | 其他 | 顶层(共6层) | 1996年建 | 板楼","615万","41,331元/平"
"南北朝向，采光好，环境好。适宜居住。","晶城秀府    -  成寿寺","5室3厅 | 127.24平米 | 北 南 | 精装 | 顶层(共6层) | 2008年建 | 板楼","1218万","95,725元/平"
"晶城秀府精装修复式，满五唯一，看房方便","晶城秀府    -  成寿寺","4室2厅 | 185.55平米 | 东 | 精装 | 高楼层(共14层) | 2009年建 | 塔楼","1099万","59,230元/平"
"复式满五年唯一业主诚心出售随时签约","南方庄甲70号院    -  宋家庄","4室1厅 | 124.93平米 | 南 北 | 精装 | 顶层(共6层) | 1995年建 | 板楼","520万","41,624元/平"
"芳泽园满五年业主名下唯一住房，电梯板楼","方泽园    -  宋家庄","1室1厅 | 52.47平米 | 南 | 简装 | 低楼层(共16层) | 2005年建 | 板塔结合","269万","51,268元/平"
"南三环横五条18号院全南向两居室   业主诚心出售","横五条18号院    -  刘家窑","2室1厅 | 50.5平米 | 南 | 简装 | 中楼层(共6层) | 1983年建 | 板楼","285万","56,436元/平"
"满五年唯一世纪星家园  南北向","世纪星家园    -  宋家庄","3室2厅 | 133.49平米 | 南 北 | 精装 | 中楼层(共21层) | 2002年建 | 板塔结合","768万","57,533元/平"
"一栋苑北向，两居装修采光 视野好。","一栋苑    -  刘家窑","3室1厅 | 88.09平米 | 西北 | 简装 | 低楼层(共24层) | 2002年建 | 塔楼","453万","51,425元/平"
"南北通透三居室，宋家庄地铁站，出行方便，板楼带电梯","政馨园三区    -  宋家庄","3室2厅 | 123.16平米 | 南 北 | 简装 | 中楼层(共12层) | 2003年建 | 塔楼","739万","60,004元/平"
"方南家园一期   板楼二层， 满五年家庭名下唯一住房","方南家园一期    -  刘家窑","2室1厅 | 76.73平米 | 西南 | 简装 | 低楼层(共6层) | 1996年建 | 板楼","359万","46,788元/平"
"满五年唯一商品房 首套首付120万  宋家庄地铁口","宋家庄家园一区    -  刘家窑","1室1厅 | 48.55平米 | 东 南 | 简装 | 底层(共25层) | 2010年建 | 塔楼","290万","59,733元/平"
"石榴园北里小区 2室1厅 西 东","石榴园北里小区    -  刘家窑","2室1厅 | 66.12平米 | 西 东 | 精装 | 中楼层(共6层) | 1998年建 | 板楼","380万","57,472元/平"
"三环边97年大院里独栋管理 满五唯一 无遮挡不临街","横一条    -  宋家庄","2室1厅 | 76.46平米 | 东北 | 毛坯 | 高楼层(共6层) | 1997年建 | 板楼","369万","48,261元/平"
"2003年小区，距离地铁宋家庄站260米（来自高德地图）","政馨园三区    -  宋家庄","3室1厅 | 129.29平米 | 东南 | 简装 | 低楼层(共21层) | 2003年建 | 塔楼","690万","53,369元/平"
"南三环方庄桥，正规2居，户型没有浪费","方安苑    -  宋家庄","2室1厅 | 81.14平米 | 西 北 | 简装 | 低楼层(共24层) | 2001年建 | 塔楼","380万","46,833元/平"
"5号线宋家庄枢纽站 东南向精装修三居室 拎包入住","政馨园三区    -  宋家庄","3室1厅 | 131.56平米 | 东 南 北 | 精装 | 高楼层(共21层) | 2003年建 | 塔楼","798万","60,657元/平"
"三环边福臻家园精装两居，好房看它。","福臻家园南区    -  宋家庄","2室1厅 | 89.03平米 | 东北 | 精装 | 低楼层(共12层) | 2008年建 | 塔楼","506万","56,835元/平"
"华芳嘉园 南北通透两居室 四个阳台居住舒适","华芳嘉园    -  宋家庄","2室1厅 | 88.15平米 | 南 北 | 简装 | 高楼层(共6层) | 2000年建 | 板楼","510万","57,856元/平"
"石榴园北里，一居室价格低  中间楼层","石榴园北里小区    -  刘家窑","1室1厅 | 51.65平米 | 南 | 简装 | 中楼层(共6层) | 2016年建 | 板楼","251万","48,597元/平"
"花园洋房 二楼不占面积 ，南北通透 一梯两户带电梯","晶城秀府    -  成寿寺","3室1厅 | 104.87平米 | 南 北 | 精装 | 顶层(共6层) | 2008年建 | 板楼","936万","89,254元/平"
"鑫兆雅园北区 西南向 2居 看房方便有钥匙","鑫兆雅园北区    -  刘家窑","2室1厅 | 69.07平米 | 西南 | 简装 | 顶层(共6层) | 2005年建 | 板楼","455万","65,876元/平"
"福臻家园东北两居室又名状元城交通便利配套齐全","福臻家园南区    -  宋家庄","2室1厅 | 89.03平米 | 东北 | 精装 | 低楼层(共12层) | 2008年建 | 塔楼","509万","57,172元/平"
"横一条小区 南北通透两居室 客厅带窗","横一条    -  宋家庄","2室1厅 | 50平米 | 南 北 | 精装 | 底层(共5层) | 1988年建 | 板楼","359万","71,800元/平"
"刘家窑地铁满5年家庭首套房产 带电梯两居室","顺四条37号院    -  刘家窑","2室1厅 | 65.9平米 | 西南 | 简装 | 低楼层(共18层) | 1998年建 | 塔楼","341万","51,746元/平"
"政馨园一区两居室 精装修 业主诚意出售","政馨园一区    -  宋家庄","2室1厅 | 69.89平米 | 北 | 简装 | 18层 | 2003年建 | 板塔结合","358万","51,224元/平"
"晶城秀府 西南向一居室 精装修 花园洋房 人车分流","晶城秀府    -  成寿寺","1室1厅 | 57.63平米 | 西南 | 精装 | 低楼层(共20层) | 2010年建 | 塔楼","385万","66,806元/平"
"此房满五年唯一，业主诚心出售！视野开阔 格局方正","顺五条    -  刘家窑","2室1厅 | 62.67平米 | 东南 | 精装 | 顶层(共6层) | 1998年建 | 板楼","372万","59,359元/平"
"三环边，正规三居，商品房，东西通透全明格局","横一条    -  宋家庄","3室1厅 | 81.49平米 | 东 西 北 | 简装 | 高楼层(共6层) | 1992年建 | 板楼","406万","49,823元/平"
"南方庄小区南北通透3居满5年业主一套房产","南方庄小区    -  宋家庄","3室1厅 | 74.74平米 | 南 北 | 简装 | 高楼层(共6层) | 1995年建 | 板楼","420万","56,195元/平"
"西南正规一居室 满二年商品房 户型方庄 210年新小区","宋家庄家园四区    -  刘家窑","1室1厅 | 51.41平米 | 西南 | 精装 | 中楼层(共29层) | 2010年建 | 塔楼","340万","66,135元/平"
"此房是满五年唯一商品房，东向一居室小区出门就是地铁","政馨园三区    -  宋家庄","1室1厅 | 56.78平米 | 东 | 精装 | 低楼层(共15层) | 2003年建 | 板楼","345万","60,761元/平"
"红狮家园正规一居室 精装修 商品房","红狮家园    -  宋家庄","1室1厅 | 70.53平米 | 西 | 其他 | 高楼层(共29层) | 2010年建 | 板楼","425万","60,259元/平"
"石榴园北里 东西通透 楼层高 采光好","石榴园北里小区    -  刘家窑","2室1厅 | 59.49平米 | 东 西 | 简装 | 顶层(共6层) | 1995年建 | 板楼","297万","49,925元/平"
"满五唯一商品房，正规一居室，明厨明卫","政馨园三区    -  宋家庄","1室1厅 | 55.68平米 | 东 | 简装 | 低楼层(共22层) | 2003年建 | 塔楼","305万","54,778元/平"
"华芳嘉园 南北通 双卫 复式  阳光充足","华芳嘉园    -  宋家庄","3室2厅 | 150平米 | 北 南 | 简装 | 顶层(共6层) | 2000年建 | 板楼","660万","44,000元/平"
"南方庄小区朝南向一居看房也方便","南方庄小区    -  宋家庄","1室1厅 | 49.7平米 | 南 | 简装 | 低楼层(共14层) | 1993年建 | 板楼","335万","67,405元/平"
"福臻家园又名状元城商品房社区周边配套齐全","福臻家园南区    -  宋家庄","1室2厅 | 87.56平米 | 西 | 精装 | 低楼层(共12层) | 2008年建 | 塔楼","490万","55,962元/平"
"世纪星家园  精装修  户型方正","世纪星家园    -  宋家庄","1室0厅 | 47.88平米 | 西 | 其他 | 高楼层(共29层) | 2003年建 | 板塔结合","296万","61,822元/平"
"南北朝向，正规2居室，双卧朝阳面，","南方庄小区    -  宋家庄","2室1厅 | 61.6平米 | 南 | 简装 | 低楼层(共14层) | 1990年建 | 板楼","385万","62,500元/平"
"三环边 08年 商品房小区 两梯四户","福臻家园南区    -  宋家庄","2室1厅 | 87.56平米 | 西北 | 精装 | 低楼层(共12层) | 2008年建 | 塔楼","436万","49,795元/平"
"南三环刘家窑地铁横一条两居室出售","横一条    -  宋家庄","2室1厅 | 57.73平米 | 南 北 | 简装 | 中楼层(共6层) | 1995年建 | 板楼","315万","54,565元/平"
"石榴园南里小区，满五唯一，有电梯，看房方便","石榴园南里小区    -  刘家窑","2室1厅 | 68.84平米 | 南 北 | 其他 | 底层(共12层) | 1998年建 | 板塔结合","358万","52,005元/平"
"政馨园三区，正规一居室，明厨明卫，临近地铁","政馨园三区    -  宋家庄","1室1厅 | 66.09平米 | 北 | 简装 | 中楼层(共21层) | 2003年建 | 塔楼","348万","52,656元/平"
"南三环 石榴园北里电力公司宿舍楼管理好精装修","石榴园北里小区    -  刘家窑","2室1厅 | 54.46平米 | 南 北 | 精装 | 顶层(共6层) | 1998年建 | 板楼","345万","63,350元/平"
"世纪星家园，户型方正，诚心出售，高楼层，视野好","世纪星家园    -  宋家庄","1室1厅 | 47.55平米 | 东 | 简装 | 中楼层(共30层) | 2003年建 | 塔楼","274万","57,624元/平"
"正规一居室，明厨明卫，临近地铁！","政馨园三区    -  宋家庄","1室1厅 | 66.09平米 | 北 | 精装 | 低楼层(共21层) | 2003年建 | 塔楼","329万","49,781元/平"
"此房是满 五年唯一商品房，全南向 户型方正","福臻家园北区    -  宋家庄","1室1厅 | 72.85平米 | 南 | 简装 | 低楼层(共11层) | 2007年建 | 板楼","418万","57,379元/平"
"宋家庄家园 三条地铁交汇 精装修 生活方便","宋家庄家园一区    -  刘家窑","1室1厅 | 52.37平米 | 西南 | 精装 | 低楼层(共25层) | 2010年建 | 塔楼","315万","60,149元/平"
"石榴园北里/南北通透/满五年唯一","石榴园北里小区    -  刘家窑","2室1厅 | 58.51平米 | 南 北 | 简装 | 高楼层(共6层) | 1992年建 | 板楼","313万","53,496元/平"
"宋庄路26号院红狮家园西向大一居室","红狮家园    -  宋家庄","1室1厅 | 70.53平米 | 西 | 简装 | 中楼层(共29层) | 2010年建 | 板楼","410万","58,132元/平"
"南三环 97年小区 独门独院 管理严格 广电家属楼","横一条    -  宋家庄","2室1厅 | 66.96平米 | 东 西 | 简装 | 顶层(共6层) | 1997年建 | 板楼","339万","50,628元/平"
"政馨园二区 满五商品房 视野好","政馨园二区    -  宋家庄","1室1厅 | 57.31平米 | 南 | 简装 | 顶层(共19层) | 2004年建 | 板塔结合","299万","52,173元/平"
"扑满山小区 满五年商品房 东南朝向","扑满山    -  刘家窑","3室1厅 | 155.68平米 | 东南 | 简装 | 低楼层(共18层) | 2004年建 | 塔楼","496万","31,861元/平"
"三环边，西向3居室 满五年唯一商品房","方安苑    -  宋家庄","3室1厅 | 90.56平米 | 西 | 简装 | 底层(共24层) | 2001年建 | 塔楼","490万","54,108元/平"
"正对小区花园 满五年唯一住房 诚意出售","世纪星家园    -  宋家庄","2室1厅 | 107.63平米 | 西 | 精装 | 中楼层(共21层) | 2003年建 | 板塔结合","630万","58,534元/平"
"刘家窑地铁 正规两居室 满五年唯一","顺四条37号院    -  刘家窑","2室1厅 | 65.42平米 | 东 | 简装 | 低楼层(共18层) | 1998年建 | 塔楼","350万","53,501元/平"
"方安苑 大两居  封闭花园社区 三环边  商品房管理好","方安苑    -  宋家庄","2室1厅 | 120.5平米 | 东北 | 简装 | 中楼层(共24层) | 2001年建 | 塔楼","608万","50,457元/平"
"刘家窑 正规两居室 东西通透 精装修","方南家园一期    -  刘家窑","2室2厅 | 83.3平米 | 东 西 | 精装 | 高楼层(共6层) | 1996年建 | 板楼","422万","50,661元/平"
"南三环 正规一居室 满五年唯一商品房","顺四条37号院    -  刘家窑","1室1厅 | 48.91平米 | 东 北 | 简装 | 底层(共18层) | 1998年建 | 塔楼","253万","51,728元/平"
"顺六条 3室1厅 南 北","顺六条    -  刘家窑","3室1厅 | 94.91平米 | 南 北 | 精装 | 顶层(共6层) | 1995年建 | 板楼","500万","52,682元/平"
"此房满5年唯一，精装修，南北通透，采光好，价格可议","宋庄路43号院    -  刘家窑","3室2厅 | 105.2平米 | 南 北 | 精装 | 高楼层(共7层) | 2004年建 | 板楼","660万","62,738元/平"
"2004年商品房社区 满5年 挨着刘家窑地铁","方南家园二期    -  刘家窑","3室1厅 | 135.55平米 | 东北 | 简装 | 低楼层(共24层) | 2004年建 | 塔楼","768.7万","56,710元/平"
"宋家庄地铁附近全朝南两居室满5年唯一   采光好","宋庄路12号院    -  宋家庄","2室1厅 | 51.9平米 | 南 | 精装 | 顶层(共5层) | 1992年建 | 板楼","295万","56,841元/平"
"南三环东铁营桥东南角 3居 6月份满五年唯一商品房","南方庄小区    -  宋家庄","3室1厅 | 77.51平米 | 东南 | 精装 | 低楼层(共18层) | 1996年建 | 塔楼","470万","60,638元/平"
"南三环刘家窑 正规两居室 布局合理 无浪费面积","方南家园一期    -  刘家窑","2室1厅 | 76.73平米 | 东 南 | 简装 | 底层(共6层) | 1996年建 | 板楼","394万","51,349元/平"
"一层 东西通透两居室 布局合理 采光无遮挡","翠庭园    -  宋家庄","2室1厅 | 90.22平米 | 东 西 | 简装 | 底层(共6层) | 2002年建 | 板楼","570万","63,179元/平"
"方泽园 2室1厅 南 北","方泽园    -  宋家庄","2室1厅 | 85.9平米 | 南 北 | 其他 | 低楼层(共16层) | 2004年建 | 板塔结合","560万","65,193元/平"
"世纪星   两居室  满五年  西向","世纪星家园    -  宋家庄","2室1厅 | 96.74平米 | 西 | 简装 | 低楼层(共29层) | 2003年建 | 板塔结合","582万","60,162元/平"
"97年小区  独门独院  管理严格  广电家属楼","横一条    -  宋家庄","2室1厅 | 76.46平米 | 东北 | 精装 | 中楼层(共6层) | 1997年建 | 板楼","373万","48,784元/平"
"南三环 板楼 东西通透 安静不挨马路","方南家园一期    -  刘家窑","1室1厅 | 46.82平米 | 东 西 | 简装 | 高楼层(共6层) | 1996年建 | 板楼","248万","52,969元/平"
"翠庭园 满五唯一 小区仅有6套本户型","翠庭园    -  宋家庄","3室2厅 | 112.57平米 | 南 北 | 简装 | 高楼层(共6层) | 2003年建 | 板楼","690万","61,296元/平"
"世纪星 人车分流 南北向大复式 喷泉景观","世纪星家园    -  宋家庄","3室2厅 | 149.96平米 | 南 | 简装 | 中楼层(共30层) | 2003年建 | 塔楼","959万","63,951元/平"
"世纪星，满五年唯一商品房，一层，出入便利","世纪星家园    -  宋家庄","3室1厅 | 108.11平米 | 东北 | 简装 | 底层(共21层) | 2002年建 | 板塔结合","649万","60,032元/平"
"世纪星，精装修，户型方正，满五年唯一","世纪星家园    -  宋家庄","1室1厅 | 47.39平米 | 东 | 简装 | 低楼层(共30层) | 2003年建 | 塔楼","293万","61,828元/平"
"政馨园二区 小两居 精装修 全明格局","政馨园二区    -  宋家庄","2室1厅 | 70.49平米 | 北 | 简装 | 底层(共17层) | 2004年建 | 板塔结合","335万","47,525元/平"
"满五年，南北两居双阳台，不临街，宋家庄地铁700米","方南家园一期    -  刘家窑","2室1厅 | 85.94平米 | 南 北 | 简装 | 低楼层(共6层) | 1998年建 | 板楼","420万","48,872元/平"
"扑满山 1室0厅 东","扑满山    -  刘家窑","1室0厅 | 80.47平米 | 东 | 简装 | 高楼层(共18层) | 2008年建 | 塔楼","310万","38,524元/平"
"2003年纯商品房，精装修，满五唯一业主诚意出售","翠庭园    -  宋家庄","2室1厅 | 88.41平米 | 东 西 | 精装 | 底层(共6层) | 2003年建 | 板楼","565万","63,907元/平"
"晶城秀府  南北通透  采光好    小区环境好","晶城秀府    -  成寿寺","3室2厅 | 143.94平米 | 南 北 | 简装 | 低楼层(共6层) | 2008年建 | 板楼","1040万","72,253元/平"
"石榴园北里全明户型 南北通透三居 精装入住","石榴园北里小区    -  刘家窑","3室1厅 | 72.23平米 | 东 南 北 | 简装 | 顶层(共6层) | 1992年建 | 板楼","349万","48,318元/平"
"南三环边，宋家庄地铁 交通方便 刚需小两居","宋庄路12号院    -  宋家庄","2室1厅 | 50.6平米 | 东 | 精装 | 中楼层(共5层) | 1992年建 | 板楼","293万","57,906元/平"
"朝南两居室，室内保持的很好，房本满五年就这一套房子","一栋苑    -  刘家窑","2室1厅 | 78.15平米 | 南 | 精装 | 底层(共24层) | 2002年建 | 塔楼","388万","49,649元/平"
"横一条 南北通透 大客厅 满五唯一 诚心出售","横一条    -  宋家庄","2室1厅 | 69.5平米 | 南 北 | 精装 | 顶层(共5层) | 1995年建 | 板楼","382万","54,965元/平"
"宋家庄商圈  板楼中间楼层 南北通透大两居","鑫兆雅园北区    -  刘家窑","2室2厅 | 94.4平米 | 北 南 | 简装 | 中楼层(共6层) | 2005年建 | 板楼","670万","70,975元/平"
"方南家园一期 商品房 中楼层 不临街","方南家园一期    -  刘家窑","3室1厅 | 100平米 | 东 西 | 简装 | 中楼层(共6层) | 1996年建 | 板楼","470万","47,000元/平"
"满五年唯一，精装修大两居室，带电梯！","石榴园南里小区    -  刘家窑","2室1厅 | 64.62平米 | 东 | 精装 | 顶层(共9层) | 2000年建 | 板塔结合","300万","46,426元/平"
"全明格局三居 带五个阳台 双卫带窗户 三面采光","晶城秀府    -  成寿寺","3室1厅 | 118.55平米 | 南 北 东南 | 简装 | 低楼层(共6层) | 2005年建 | 板楼","939万","79,208元/平"
"南三环 正规两居 诚意出售 看房方便","横一条    -  宋家庄","2室1厅 | 62.55平米 | 东北 | 简装 | 顶层(共6层) | 1993年建 | 板楼","282万","45,084元/平"
"小区环境好，人车分流，6层板楼带电梯","映天朗    -  宋家庄","3室2厅 | 138.69平米 | 南 北 | 精装 | 中楼层(共6层) | 2007年建 | 板楼","950万","68,499元/平"
"此房是满五年家庭名下就这一套的商品房没有额外的费用","鑫兆雅园南区    -  刘家窑","3室2厅 | 128.08平米 | 东南 西北 | 精装 | 中楼层(共24层) | 2003年建 | 塔楼","885万","69,098元/平"
"东南向 复式楼中楼 交通方便 配套完善","宋庄路甲12号院    -  宋家庄","3室2厅 | 105.4平米 | 东 南 | 精装 | 顶层(共6层) | 1995年建 | 板楼","445万","42,221元/平"
"世纪星精装复式，楼层好视野宽阔，正对小区花园","世纪星家园    -  宋家庄","3室2厅 | 157.3平米 | 东北 | 精装 | 高楼层(共21层) | 2003年建 | 塔楼","899万","57,152元/平"
"商品房小区+好户型只有6套+中间楼层","翠庭园    -  宋家庄","2室2厅 | 91.08平米 | 东南 | 简装 | 中楼层(共6层) | 2002年建 | 板楼","650万","71,366元/平"
"政馨园一区  满五年唯一商品房  三居室  宋家庄地铁","政馨园一区    -  宋家庄","3室2厅 | 134.17平米 | 南 西 | 其他 | 18层 | 2003年建 | 板塔结合","820万","61,117元/平"
"宋家庄地铁！！满五年唯一！！纯商品房！！","鑫兆雅园南区    -  刘家窑","3室2厅 | 122.96平米 | 南 北 | 精装 | 低楼层(共24层) | 2003年建 | 塔楼","725万","58,963元/平"
"翠庭园小区西南向三居室 有电梯  次顶层  交通便利","翠庭园    -  宋家庄","3室1厅 | 123.16平米 | 西南 | 简装 | 高楼层(共21层) | 2003年建 | 塔楼","715万","58,055元/平"
"东南向 复式楼中楼 交通方便 配套完善","宋庄路甲12号院    -  宋家庄","3室2厅 | 105.4平米 | 东 南 | 精装 | 顶层(共6层) | 1995年建 | 板楼","445万","42,221元/平"
"刘家窑 复式两居室 两个卫生间","方南家园一期    -  刘家窑","2室2厅 | 106.73平米 | 西北 | 简装 | 顶层(共6层) | 1996年建 | 板楼","408万","38,228元/平"
"此房是满五年家庭名下就这一套的商品房没有额外的费用","鑫兆雅园南区    -  刘家窑","3室2厅 | 128.08平米 | 东南 西北 | 精装 | 中楼层(共24层) | 2003年建 | 塔楼","885万","69,098元/平"
"小区环境好，人车分流，6层板楼带电梯","映天朗    -  宋家庄","3室2厅 | 138.69平米 | 南 北 | 精装 | 中楼层(共6层) | 2007年建 | 板楼","950万","68,499元/平"
"宋家庄地铁！！满五年唯一！！纯商品房！！","鑫兆雅园南区    -  刘家窑","3室2厅 | 122.96平米 | 南 北 | 精装 | 低楼层(共24层) | 2003年建 | 塔楼","725万","58,963元/平"
"石榴园北里小区 1室1厅 南","石榴园北里小区    -  刘家窑","1室1厅 | 40.02平米 | 南 | 精装 | 高楼层(共18层) | 1998年建 | 塔楼","287万","71,715元/平"
"方安苑西南北朝向高楼层满五年采光好","方安苑    -  宋家庄","2室1厅 | 89.97平米 | 南 西北 | 精装 | 高楼层(共24层) | 2001年建 | 塔楼","500万","55,575元/平"
"市政府家属院，满五唯一商品房  户型方正无浪费","政怡家园    -  宋家庄","2室1厅 | 96.14平米 | 东 | 精装 | 中楼层(共20层) | 2006年建 | 板楼","562万","58,457元/平"
"石榴园带电梯，精装修一居室 拎包入住","石榴园北里小区    -  刘家窑","1室1厅 | 50.36平米 | 东 | 精装 | 中楼层(共9层) | 1995年建 | 板塔结合","280万","55,600元/平"
"一栋苑   商品房社区 满五年唯一  两居室","一栋苑    -  刘家窑","2室1厅 | 81.67平米 | 北 | 简装 | 低楼层(共24层) | 2001年建 | 塔楼","344万","42,121元/平"
"10+5双地铁，满五唯一精装修，南北通透两居，业主诚售","翠庭园    -  宋家庄","2室1厅 | 89.38平米 | 南 北 | 精装 | 高楼层(共6层) | 2004年建 | 板楼","580万","64,892元/平"
"红狮家园，南北通透，不临街，无遮挡","红狮家园    -  宋家庄","2室1厅 | 88.74平米 | 南 北 | 精装 | 中楼层(共16层) | 2010年建 | 板楼","530万","59,726元/平"
"华芳嘉园 商品房 南北通透2室","华芳嘉园    -  宋家庄","2室1厅 | 88.13平米 | 南 北 | 简装 | 底层(共6层) | 2000年建 | 板楼","516万","58,550元/平"
"石榴园北里小区 2室1厅 南 北","石榴园北里小区    -  刘家窑","2室1厅 | 58.51平米 | 南 北 | 简装 | 中楼层(共6层) | 1992年建 | 板楼","312万","53,325元/平"
"石榴园南里 地铁口电梯房 精装修 拎包入住","石榴园南里小区    -  刘家窑","2室1厅 | 73.11平米 | 南 北 | 精装 | 中楼层(共10层) | 1998年建 | 板楼","385万","52,661元/平"
"政馨园二区  满五唯一商品房  精装修","政馨园二区    -  宋家庄","2室1厅 | 89.51平米 | 东 | 精装 | 底层(共20层) | 2005年建 | 板塔结合","450万","50,274元/平"
"南方庄甲70号院，安静不临街，三个卧室都明亮无遮挡","南方庄甲70号院    -  宋家庄","3室1厅 | 89.09平米 | 东 南 | 精装 | 高楼层(共6层) | 1993年建 | 板楼","428万","48,042元/平"
"扑满山 1室1厅 东","扑满山    -  刘家窑","1室1厅 | 80.27平米 | 东 | 简装 | 18层 | 2004年建 | 塔楼","318万","39,617元/平"
"日新家园，高楼层，采光充足，周边配套齐全，交通便利","日新家园    -  宋家庄","1室1厅 | 69.44平米 | 西 | 简装 | 高楼层(共14层) | 1998年建 | 塔楼","317万","45,651元/平"
"2004年商品房 封闭管理 人车分流 西南向 不临街","方南家园二期    -  刘家窑","2室1厅 | 105.88平米 | 西南 | 精装 | 低楼层(共24层) | 2004年建 | 塔楼","600万","56,668元/平"
"方庄桥世纪星家园，满五年唯一，三环观景房","世纪星家园    -  宋家庄","1室0厅 | 41.55平米 | 北 | 精装 | 低楼层(共29层) | 2003年建 | 板塔结合","270万","64,982元/平"
"满五年唯一商品房，近地铁出行方便","扑满山    -  刘家窑","3室1厅 | 152.03平米 | 东北 | 简装 | 中楼层(共18层) | 2004年建 | 塔楼","498万","32,757元/平"
"芳泽园东西通透一居室采光好无遮挡","方泽园    -  宋家庄","1室0厅 | 41.09平米 | 东 西 | 精装 | 低楼层(共16层) | 2004年建 | 板塔结合","258万","62,789元/平"
"政馨园一区，宋家庄地铁，带电梯","政馨园一区    -  宋家庄","1室1厅 | 45.46平米 | 北 | 简装 | 中楼层(共11层) | 2003年建 | 板塔结合","260万","57,194元/平"
"刘家窑  精装修两居室 商品房带电梯 看房方便","一栋苑    -  刘家窑","2室1厅 | 88.09平米 | 西北 | 精装 | 高楼层(共24层) | 2001年建 | 塔楼","430万","48,814元/平"
"满五年唯一商品房 高楼层 视野和采光都很好","日新家园    -  宋家庄","1室1厅 | 54.86平米 | 南 北 | 精装 | 顶层(共6层) | 1997年建 | 板楼","285万","51,951元/平"
"南方庄小区，东向一居，过渡房，楼层好","南方庄小区    -  宋家庄","1室1厅 | 39.84平米 | 东 | 简装 | 中楼层(共6层) | 1992年建 | 板楼","246万","61,747元/平"
"板楼中间3层  客厅两个窗户 三环边","南方庄69号院    -  宋家庄","1室1厅 | 47.3平米 | 西北 | 简装 | 中楼层(共6层) | 1990年建 | 板楼","290万","61,311元/平"
"房主诚意出售，小三居室，布局合理看房方便","横一条    -  宋家庄","3室1厅 | 58.8平米 | 东 西 北 | 毛坯 | 顶层(共6层) | 1980年建 | 板楼","310万","52,722元/平"
"三环半 小区新 商品房 近地铁！","元熙华府    -  宋家庄","2室2厅 | 104.39平米 | 东 西 | 精装 | 中楼层(共27层) | 2019年建 | 板楼","850万","81,426元/平"
"宋家庄  政馨园一区  满五年  精装修","政馨园一区    -  宋家庄","1室0厅 | 51.61平米 | 北 | 简装 | 中楼层(共11层) | 2003年建 | 板塔结合","260万","50,378元/平"
"宋家庄三轨交汇 满5年唯一 商品房 精装修 落地窗","政馨园一区    -  宋家庄","1室0厅 | 59.23平米 | 东 | 精装 | 18层 | 2003年建 | 板塔结合","318万","53,690元/平"
"宋家庄地铁口 商品房 精装修地暖 明厨明卫","政馨园三区    -  宋家庄","1室0厅 | 55.68平米 | 东 | 精装 | 低楼层(共22层) | 2003年建 | 塔楼","274万","49,210元/平"
"此房为满五年唯一商品房，只有契税","政馨园三区    -  宋家庄","1室1厅 | 63.05平米 | 北 | 精装 | 顶层(共22层) | 2003年建 | 塔楼","343万","54,402元/平"
"政馨家园三期，正规一居室，格局方正","政馨园三区    -  宋家庄","1室1厅 | 63.68平米 | 西北 | 精装 | 顶层(共22层) | 2003年建 | 塔楼","340万","53,392元/平"
"南三环，宋家庄地铁口优质一居室","政馨园三区    -  宋家庄","1室1厅 | 55.68平米 | 西 | 精装 | 低楼层(共22层) | 2003年建 | 塔楼","290万","52,084元/平"
"政馨三区，满五年，唯一商品房，明厨明卫，格局方正","政馨园三区    -  宋家庄","1室1厅 | 66.09平米 | 北 | 简装 | 中楼层(共21层) | 2003年建 | 塔楼","349万","52,807元/平"
"石榴园南里小区精装修一居室，诚意出售，配套齐全","石榴园南里小区    -  刘家窑","1室1厅 | 46.87平米 | 西 | 简装 | 高楼层(共6层) | 2003年建 | 板楼","265万","56,540元/平"
"政馨园一区一居室，精装修，业主自住干净卫生","政馨园一区    -  宋家庄","1室0厅 | 48.53平米 | 东北 | 精装 | 18层 | 2003年建 | 板塔结合","270万","55,636元/平"
"南三环赵公口 石榴园南里大客厅 南北通透 满五唯一","石榴园南里小区    -  刘家窑","2室1厅 | 64.76平米 | 南 北 | 其他 | 顶层(共6层) | 2000年建 | 板楼","338万","52,193元/平"
"世纪星家园 1室0厅 北","世纪星家园    -  宋家庄","1室0厅 | 41.55平米 | 北 | 精装 | 顶层(共29层) | 2003年建 | 板塔结合","278万","66,908元/平"
"顺六条朝南两居室  大阳台，阳光采光好","顺六条    -  刘家窑","2室1厅 | 67.47平米 | 南 | 其他 | 顶层(共6层) | 1995年建 | 板楼","406万","60,175元/平"
"满五年唯一商品房，装修好，设施齐全。","方南家园一期    -  刘家窑","2室1厅 | 63.72平米 | 南 北 | 精装 | 顶层(共6层) | 1998年建 | 板楼","340万","53,359元/平"
"宋家庄 正规一居室 满五年唯一","宋庄路甲12号院    -  宋家庄","1室1厅 | 42.75平米 | 南 | 简装 | 低楼层(共6层) | 1995年建 | 板楼","249万","58,246元/平"
"宋家庄 南北通透小两居 中间楼层  采光充足","方南家园一期    -  刘家窑","2室1厅 | 52.43平米 | 南 北 | 简装 | 中楼层(共6层) | 1998年建 | 板楼","305万","58,173元/平"
"精装婚房 不临街 一层两户 南北通透 集中供暖 低密度","翠庭园    -  宋家庄","2室1厅 | 88.51平米 | 南 北 | 精装 | 顶层(共6层) | 2002年建 | 板楼","560万","63,270元/平"
"宋家庄家园西南向1居，满两年，诚心出售！","宋家庄家园二区    -  刘家窑","1室1厅 | 51.5平米 | 西南 | 精装 | 中楼层(共29层) | 2010年建 | 塔楼","320万","62,136元/平"
"三环边 满五唯一两侧正对花园安静不临街 精装拎包即住","南方庄小区    -  宋家庄","2室1厅 | 54.78平米 | 东 西 | 精装 | 高楼层(共6层) | 1992年建 | 板楼","298万","54,400元/平"
"宋家庄地铁三轨交汇 满5年唯一，有电梯，落地窗","政馨园一区    -  宋家庄","1室0厅 | 53.2平米 | 北 | 简装 | 中楼层(共11层) | 2003年建 | 板塔结合","300万","56,391元/平"
"方泽园东西通透2居  中楼层 一层两户 满5年唯一","方泽园    -  宋家庄","2室1厅 | 76.39平米 | 东 西 | 简装 | 中楼层(共6层) | 2005年建 | 板楼","450万","58,909元/平"
"石榴园南里小区 1室1厅 东","石榴园南里小区    -  刘家窑","1室1厅 | 47.82平米 | 东 | 简装 | 顶层(共6层) | 2002年建 | 板楼","255万","53,325元/平"
"馨园一区 满五唯一商品 中间层","政馨园一区    -  宋家庄","1室0厅 | 59.23平米 | 东 | 精装 | 18层 | 2003年建 | 板塔结合","298万","50,313元/平"
"宋家庄 南北通透两居室 05年小区 近地铁","鑫兆雅园北区    -  刘家窑","2室1厅 | 93.62平米 | 南 北 | 简装 | 顶层(共22层) | 2004年建 | 板塔结合","568万","60,671元/平"
"商品房社区，人车分流，视野好，不临街，正对小区花园","方安苑    -  宋家庄","2室1厅 | 80.44平米 | 东南 | 精装 | 底层(共24层) | 2001年建 | 塔楼","455万","56,564元/平"
"石榴园南里 南向板楼带电梯楼一居 业主诚心出售 随签","石榴园南里小区    -  刘家窑","1室1厅 | 51.36平米 | 南 | 简装 | 顶层(共9层) | 1997年建 | 板楼","279万","54,323元/平"
"横一条南北三居室，中间楼层，没有任何遮挡","横一条    -  宋家庄","3室1厅 | 78.04平米 | 南 北 | 其他 | 中楼层(共5层) | 1990年建 | 板楼","446万","57,151元/平"
"世纪星家园 小区人车人流，楼层好，视野宽阔","世纪星家园    -  宋家庄","1室0厅 | 41.26平米 | 北 | 精装 | 高楼层(共30层) | 2003年建 | 塔楼","286万","69,317元/平"
"顺五条12号 南向一居室 满五年","顺五条    -  刘家窑","1室1厅 | 48.01平米 | 南 | 简装 | 低楼层(共6层) | 2002年建 | 板楼","288万","59,988元/平"
"世纪星家园 1室0厅 北","世纪星家园    -  宋家庄","1室0厅 | 41.26平米 | 北 | 简装 | 高楼层(共30层) | 2003年建 | 塔楼","280万","67,863元/平"
"顶秀欣园东苑 西向一居室 商品房 随时签约","顶秀欣园东苑    -  宋家庄","1室1厅 | 53.67平米 | 西 | 简装 | 中楼层(共21层) | 2006年建 | 塔楼","313万","58,320元/平"
"满五年商品房，南北通透户型好，商品房社区，诚心出售","福臻家园北区    -  宋家庄","2室1厅 | 87.4平米 | 南 北 | 简装 | 11层 | 2007年建 | 板楼","547万","62,586元/平"
"南北通透，好楼层，双卧室朝南，随时看房","南方庄甲70号院    -  宋家庄","2室1厅 | 71.31平米 | 南 北 | 简装 | 中楼层(共6层) | 1995年建 | 板楼","349万","48,942元/平"
"福臻家园 东南两居室 满五年唯一商品房 诚心出售","福臻家园南区    -  宋家庄","2室1厅 | 85.81平米 | 东南 | 精装 | 高楼层(共12层) | 2008年建 | 塔楼","550万","64,096元/平"
"满五年唯一商品房，东西通透两居室大客厅带阳台采光好","宋庄路甲12号院    -  宋家庄","2室1厅 | 76.2平米 | 东 西 | 精装 | 中楼层(共6层) | 1995年建 | 板楼","380万","49,869元/平"
"方南家园二期 正规一居室 满五年唯一","方南家园二期    -  刘家窑","1室1厅 | 69.63平米 | 西南 | 简装 | 低楼层(共24层) | 2004年建 | 塔楼","410万","58,883元/平"
"三环边 电梯房 石榴园南里小区南北两居 采光好 视野好","石榴园南里小区    -  刘家窑","2室1厅 | 64.44平米 | 南 | 其他 | 高楼层(共12层) | 1998年建 | 板塔结合","350万","54,315元/平"
"石榴园北里小区 南向一居室 电梯房满五唯一 近地铁","石榴园北里小区    -  刘家窑","1室1厅 | 44.4平米 | 南 | 简装 | 低楼层(共18层) | 1998年建 | 塔楼","278万","62,613元/平"
"宋庄路12号院  全南向两居室  业主诚心出售","宋庄路12号院    -  宋家庄","2室1厅 | 51.2平米 | 南 | 精装 | 中楼层(共5层) | 1992年建 | 板楼","285万","55,665元/平"
"房子满五年唯一楼层好，视野宽阔，小区人车分流。","世纪星家园    -  宋家庄","1室1厅 | 47.55平米 | 西 | 精装 | 高楼层(共30层) | 2003年建 | 塔楼","290万","60,989元/平"
"宋家庄地铁680米 政馨园方正一室 满五年唯一商品房","政馨园一区    -  宋家庄","1室1厅 | 35.24平米 | 北 | 精装 | 中楼层(共10层) | 2003年建 | 板塔结合","233万","66,119元/平"
"2015年新小区 板楼一梯两户 中间楼层 全明格局","天怡福园    -  宋家庄","2室1厅 | 94.72平米 | 东 西 | 精装 | 中楼层(共16层) | 2015年建 | 板塔结合","550万","58,066元/平"
"石榴园南里小区 精装修 一居室 采光充足 看房方便","石榴园南里小区    -  刘家窑","1室1厅 | 49.69平米 | 西 | 精装 | 底层(共9层) | 2000年建 | 板塔结合","235万","47,294元/平"
"宋家庄 政馨园二区 三轨交汇 商品房 交通便利","政馨园二区    -  宋家庄","1室1厅 | 66.53平米 | 西北 | 精装 | 高楼层(共20层) | 2004年建 | 板塔结合","370万","55,615元/平"
"宋家庄地铁口  商品房社区 满五年","鑫兆雅园北区    -  刘家窑","1室0厅 | 42.06平米 | 东 | 其他 | 底层(共22层) | 2004年建 | 板塔结合","290万","68,950元/平"
"商品房，落地窗，近地铁，配套齐全","政馨园三区    -  宋家庄","1室1厅 | 63.68平米 | 北 | 简装 | 低楼层(共22层) | 2003年建 | 塔楼","318万","49,938元/平"
"石榴园南里小区/高楼层/精装修/","石榴园南里小区    -  刘家窑","2室1厅 | 64.62平米 | 东 | 精装 | 高楼层(共9层) | 1998年建 | 板塔结合","350万","54,163元/平"
"满五唯一 世纪星家园 精装小户型 满五唯一","世纪星家园    -  宋家庄","1室1厅 | 50.69平米 | 东 | 精装 | 低楼层(共29层) | 2003年建 | 板塔结合","285万","56,225元/平"
"石榴园北里小区 满五年唯一 精装修 拎包入住","石榴园北里小区    -  刘家窑","1室1厅 | 50.53平米 | 南 | 精装 | 顶层(共6层) | 1995年建 | 板楼","265万","52,445元/平"
"政馨园一区，宋家庄交通枢纽附近","政馨园一区    -  宋家庄","1室2厅 | 56.82平米 | 北 | 精装 | 18层 | 2003年建 | 板塔结合","305万","53,679元/平"
"方安苑  正规一室一厅  户型方正  格局好 只有契税","方安苑    -  宋家庄","1室1厅 | 66.37平米 | 北 | 简装 | 低楼层(共24层) | 2001年建 | 塔楼","365万","54,995元/平"
"满五唯一 小户型 精装修 视野棒 地理位置佳","世纪星家园    -  宋家庄","1室0厅 | 47.88平米 | 东 | 精装 | 中楼层(共29层) | 2003年建 | 板塔结合","315万","65,790元/平"
"政馨园二区 70年产权住宅 一层 商品房 出行方便","政馨园二区    -  宋家庄","1室1厅 | 70.02平米 | 北 | 简装 | 底层(共19层) | 2004年建 | 板塔结合","313万","44,702元/平"
"喷泉水系，三环边，精致小户型，花园社区，随时看房","世纪星家园    -  宋家庄","1室0厅 | 41.55平米 | 北 | 精装 | 低楼层(共29层) | 2003年建 | 板塔结合","260万","62,576元/平"
"石榴园南里 朝西一居室 业主诚意出售","石榴园南里小区    -  刘家窑","1室1厅 | 49.69平米 | 西 | 简装 | 底层(共9层) | 2000年建 | 板塔结合","236万","47,495元/平"
"南三环 赵公口 石榴园南里一居 年代新 业主诚意出售","石榴园南里小区    -  刘家窑","1室1厅 | 47.29平米 | 西 | 其他 | 底层(共6层) | 2003年建 | 板楼","250万","52,866元/平"
"世纪星家园 小区人车人流，楼层好，视野宽阔","世纪星家园    -  宋家庄","1室1厅 | 41.26平米 | 北 | 精装 | 低楼层(共30层) | 2003年建 | 塔楼","260万","63,016元/平"
"石榴园北里小区南北通透正规两居室","石榴园北里小区    -  刘家窑","2室1厅 | 58.51平米 | 南 北 | 简装 | 中楼层(共6层) | 1995年建 | 板楼","311万","53,154元/平"
"南北通透两居，中间楼层，无遮挡，业主诚心出售","南方庄甲70号院    -  宋家庄","2室1厅 | 67.31平米 | 南 北 | 简装 | 高楼层(共6层) | 1995年建 | 板楼","329万","48,879元/平"
"精装修，业主诚心出售，小区环境良好，人车分流","顶秀欣园东苑    -  宋家庄","1室1厅 | 53.05平米 | 北 | 简装 | 低楼层(共21层) | 2006年建 | 塔楼","318万","59,944元/平"
"元熙华府 商品房社区 人车分流  今年12月满二年","元熙华府    -  宋家庄","2室2厅 | 104.39平米 | 东 西 | 精装 | 低楼层(共27层) | 2019年建 | 板楼","790万","75,678元/平"
"横一条南北两居室，2019年的装修","横一条    -  宋家庄","2室1厅 | 59.01平米 | 南 北 | 精装 | 顶层(共6层) | 1992年建 | 板楼","310万","52,534元/平"
"南方庄甲70号院 2室1厅 东 南 西","南方庄甲70号院    -  宋家庄","2室1厅 | 81.52平米 | 东 南 西 | 其他 | 高楼层(共6层) | 1993年建 | 板楼","398万","48,823元/平"
"三环边，商品房精装修，人车分流，封闭式管理","元熙华府    -  宋家庄","2室1厅 | 63.17平米 | 东 | 精装 | 中楼层(共27层) | 2019年建 | 板楼","555万","87,859元/平"
"全南两居，户型方正，采光好，无遮挡。","石榴园南里小区    -  刘家窑","2室1厅 | 68.84平米 | 南 北 | 简装 | 中楼层(共12层) | 1998年建 | 板塔结合","302万","43,870元/平"
"元熙华府   精装修  中间楼层","元熙华府    -  宋家庄","2室2厅 | 122.69平米 | 南 | 精装 | 低楼层(共29层) | 2019年建 | 板楼","990万","80,692元/平"
"三环边 2019年纯商品房 全封闭式管理","元熙华府    -  宋家庄","2室1厅 | 64.12平米 | 东 | 精装 | 中楼层(共27层) | 2019年建 | 板楼","565万","88,117元/平"
"鑫兆雅园南区 正规两居 高楼层 视野无遮挡","鑫兆雅园南区    -  刘家窑","2室2厅 | 94.08平米 | 东 南 西 北 | 其他 | 高楼层(共24层) | 2003年建 | 塔楼","655万","69,622元/平"
"宋家庄地铁 2010年小区 电梯板楼","横一条甲18号院    -  宋家庄","2室1厅 | 88.05平米 | 东 西 | 简装 | 低楼层(共21层) | 2010年建 | 板塔结合","450万","51,108元/平"
"新装修 板楼南北通透2居 大客厅带阳台 采光好 三环边","南方庄69号院    -  宋家庄","2室1厅 | 59.2平米 | 南 北 | 精装 | 顶层(共6层) | 1990年建 | 板楼","285万","48,142元/平"
"方安苑 2室1厅 东北","方安苑    -  宋家庄","2室1厅 | 101.76平米 | 东北 | 精装 | 低楼层(共24层) | 2000年建 | 塔楼","588万","57,784元/平"
"2003年商品房小区六层板楼南北通透的复式三居","翠庭园    -  宋家庄","3室2厅 | 135.12平米 | 南 北 | 简装 | 顶层(共6层) | 2003年建 | 板楼","780万","57,727元/平"
"两层复式  南北通透 四居室 采光好  配套完善","方南家园一期    -  刘家窑","4室2厅 | 145.75平米 | 南 北 | 精装 | 顶层(共6层) | 1996年建 | 板楼","623万","42,745元/平"
"刘家窑中间楼层，采光好，两居室","宋庄路12号院    -  宋家庄","2室1厅 | 50.6平米 | 东 | 简装 | 中楼层(共5层) | 1992年建 | 板楼","253万","50,000元/平"
"满五年唯一 宋家庄 扑满山小区 70年产权","扑满山    -  刘家窑","3室1厅 | 151.65平米 | 东北 | 精装 | 18层 | 2004年建 | 塔楼","480万","31,652元/平"
"宋家庄 正规三居室 诚心出售 看房方便","宋庄路12号院    -  宋家庄","3室1厅 | 69.9平米 | 南 北 | 简装 | 顶层(共6层) | 1995年建 | 板楼","335万","47,926元/平"
"世纪星，地下产权车位，有房本，诚心出售","世纪星家园    -  宋家庄","车位 | 12.15平米 | 北 | 2005年建 | 塔楼","35万","28,807元/平"
"方恒偶寓 2室1厅 东","方恒偶寓    -  宋家庄","3房间2卫 | 72.12平米 | 东 | 其他 | 高楼层(共15层) | 2011年建 | 板塔结合","320万","44,371元/平"
"宋家庄三线交汇 高楼层大两居 户型方正 不临街","鑫兆雅园南区    -  刘家窑","2室1厅 | 91.5平米 | 西 | 其他 | 高楼层(共21层) | 2003年建 | 塔楼","630万","68,853元/平"
"方安苑 3室1厅 西南","方安苑    -  宋家庄","3室1厅 | 131.46平米 | 西南 | 精装 | 中楼层(共24层) | 2001年建 | 塔楼","710万","54,009元/平"
"世纪星家园 3室1厅 南","世纪星家园    -  宋家庄","3室1厅 | 120.89平米 | 南 | 精装 | 高楼层(共29层) | 2003年建 | 板塔结合","780万","64,522元/平"
"南北通透的三居室   格局合理方正","横一条    -  宋家庄","3室1厅 | 57.02平米 | 南 北 东 | 精装 | 顶层(共6层) | 1992年建 | 板楼","306万","53,666元/平"
"尚三环  宋家庄地铁  商业办公50年","尚三环    -  宋家庄","2房间1卫 | 48.08平米 | 东 北 | 其他 | 高楼层(共15层) | 2003年建 | 塔楼","175万","36,398元/平"
"尚三环  宋家庄地铁 50年产权  10号线5号线 亦庄线","尚三环    -  宋家庄","1房间1卫 | 38.95平米 | 东 | 其他 | 高楼层(共15层) | 2003年建 | 塔楼","145万","37,228元/平"
"鹤巢居 2010年建成 商品房社区 三层复式","鹤巢居    -  刘家窑","3室1厅 | 79.96平米 | 南 北 | 精装 | 高楼层(共10层) | 2010年建 | 板塔结合","598万","74,788元/平"
"方庄全南向一居，满五年唯一，交通便利","南方庄小区    -  宋家庄","1室1厅 | 40.16平米 | 南 | 简装 | 底层(共18层) | 1993年建 | 塔楼","248万","61,753元/平"
"顶秀欣园东苑，正规两居室，户型方正。","顶秀欣园东苑    -  宋家庄","2室1厅 | 81.43平米 | 西北 | 精装 | 底层(共21层) | 2006年建 | 塔楼","490万","60,175元/平"
"正规三居 东西向 两个卫生间 复式楼","顺五条    -  刘家窑","3室1厅 | 93.93平米 | 东 西 | 简装 | 顶层(共6层) | 1998年建 | 板楼","450万","47,909元/平"
"此房视野开阔 阳光充足 上下两层","方恒偶寓    -  宋家庄","5房间2卫 | 105.92平米 | 东 东南 | 精装 | 中楼层(共15层) | 2011年建 | 板塔结合","600万","56,647元/平"
"西向景观好，看房方便. 业主诚意卖.","润都大厦    -  宋家庄","3房间2卫 | 44.95平米 | 西 | 其他 | 中楼层(共11层) | 2013年建 | 板塔结合","225万","50,056元/平"
"尚三环 商办类产权 业主诚心出售 看房提前约","尚三环    -  宋家庄","2房间1卫 | 46.91平米 | 东 | 简装 | 中楼层(共15层) | 2005年建 | 塔楼","133万","28,353元/平"
"楼龄新，楼层好，视野开阔，交通便利，配套齐全","万科红    -  宋家庄","2房间1卫 | 57.45平米 | 东 | 精装 | 中楼层(共24层) | 2013年建 | 塔楼","188万","32,725元/平"
"润都大厦，南三环，复式结构，集中供暖","润都大厦    -  宋家庄","3房间1卫 | 35.31平米 | 南 | 简装 | 中楼层(共11层) | 2013年建 | 板塔结合","225万","63,722元/平"
"元熙华府精装修两居室，2019年交房社区","元熙华府    -  宋家庄","2室2厅 | 102.48平米 | 东 西 | 精装 | 中楼层(共27层) | 2019年建 | 板楼","823万","80,309元/平"
"鲁能钓鱼台美高梅公馆格局好，面积无浪费，管家式服务","鲁能钓鱼台美高梅公馆    -  刘家窑","2房间2卫 | 33.02平米 | 南 北 | 精装 | 高楼层(共18层) | 2017年建 | 塔楼","245万","74,198元/平"
"刘家窑 尚三环 精装修  东北朝向 可注册","尚三环    -  宋家庄","1房间1卫 | 43.74平米 | 东北 | 精装 | 中楼层(共15层) | 2003年建 | 塔楼","130万","29,722元/平"
"宋家庄地铁 东北朝向 精装修  可注册","尚三环    -  宋家庄","1房间1卫 | 43.74平米 | 东北 | 精装 | 中楼层(共15层) | 2003年建 | 塔楼","130万","29,722元/平"
"万科红，3梯十二户，格局方正 。","万科红    -  宋家庄","2房间1卫 | 44.01平米 | 北 | 精装 | 中楼层(共24层) | 2013年建 | 塔楼","176.4万","40,082元/平"
"万科红，3梯十二户，格局方正 。","万科红    -  宋家庄","2房间1卫 | 60.32平米 | 南 | 精装 | 中楼层(共24层) | 2013年建 | 塔楼","241.28万","40,000元/平"
"方恒偶寓 3室1厅 东","方恒偶寓    -  宋家庄","4房间2卫 | 78.11平米 | 东 | 简装 | 高楼层(共12层) | 2011年建 | 塔楼","370万","47,370元/平"
"万科红，3梯十二户，格局方正 。","万科红    -  宋家庄","2房间1卫 | 57.45平米 | 东 | 精装 | 中楼层(共24层) | 2013年建 | 塔楼","200万","34,813元/平"
"方恒偶寓 距离10号线成寿寺地铁站1300米","方恒偶寓    -  宋家庄","1房间1卫 | 50.09平米 | 北 | 精装 | 顶层(共12层) | 2011年建 | 塔楼","163万","32,542元/平"
"楼层高，视野好，户型方正，采光充足","方恒偶寓    -  宋家庄","3房间1卫 | 50.09平米 | 北 | 简装 | 高楼层(共12层) | 2011年建 | 塔楼","297万","59,294元/平"
"楼层高，视野开阔，双层复式结构","方恒偶寓    -  宋家庄","4房间2卫 | 61.87平米 | 西 | 精装 | 高楼层(共15层) | 2011年建 | 板塔结合","350万","56,571元/平"
"宋家庄地铁 50年产权 尚三环 5号线10号线亦庄线","尚三环    -  宋家庄","2房间1卫 | 46.37平米 | 东 | 精装 | 低楼层(共15层) | 2005年建 | 塔楼","165万","35,584元/平"
"方恒偶寓商业办公地理位置好三环方庄桥南","方恒偶寓    -  宋家庄","3房间2卫 | 47.83平米 | 南 | 其他 | 中楼层(共15层) | 2011年建 | 板塔结合","290万","60,632元/平"
"此房满五唯一，视野开阔，阳光充足，复式两层结构。","方恒偶寓    -  宋家庄","3房间1卫 | 65.61平米 | 西 | 简装 | 中楼层(共15层) | 2011年建 | 板塔结合","345万","52,584元/平"
"方恒偶寓 好房子看过来配套齐全","方恒偶寓    -  宋家庄","1房间1卫 | 50.09平米 | 北 | 精装 | 顶层(共12层) | 2011年建 | 塔楼","158万","31,544元/平"
"方恒偶寓 朝东向 复式楼 视野开阔","方恒偶寓    -  宋家庄","3房间2卫 | 72.12平米 | 东 | 简装 | 中楼层(共12层) | 2011年建 | 塔楼","335万","46,451元/平"
"政馨一区复式 南北四居室 满五年唯一商品房","政馨园一区    -  宋家庄","4室2厅 | 194.86平米 | 南 北 | 简装 | 高楼层(共11层) | 2003年建 | 板塔结合","1180万","60,557元/平"
"东铁匠营横五条18号，南北通透，","横五条18号院    -  刘家窑","2室1厅 | 57平米 | 南 北 | 精装 | 高楼层(共6层) | 1983年建 | 板楼","320万","56,141元/平"
"5号线宋家庄有电梯高楼层双卫三居室","政馨园三区    -  宋家庄","3室2厅 | 131.56平米 | 西南 | 简装 | 顶层(共21层) | 2003年建 | 塔楼","750万","57,009元/平"
"此房满五年商品房      复式结构  小区安静","华芳嘉园    -  宋家庄","4室2厅 | 144.67平米 | 南 北 | 简装 | 顶层(共6层) | 2000年建 | 板楼","630万","43,548元/平"
"鑫兆雅园南区南北通透3居室05年商品房满五年唯一","鑫兆雅园南区    -  刘家窑","3室2厅 | 122.96平米 | 南 西 北 | 其他 | 低楼层(共24层) | 2003年建 | 塔楼","745万","60,589元/平"
"福臻家园北区 南北通透两居 商品房 诚心出售","福臻家园北区    -  宋家庄","2室1厅 | 109.69平米 | 南 北 | 精装 | 11层 | 2007年建 | 板楼","670万","61,082元/平"
"方庄桥西南角   大2居  采光好  交通便利","方安苑    -  宋家庄","2室1厅 | 105.79平米 | 东 南 | 简装 | 低楼层(共24层) | 2001年建 | 塔楼","600万","56,717元/平"
"鹤巢居 宋家庄地铁  1层  需全款购买","鹤巢居    -  刘家窑","3房间1卫 | 96.49平米 | 南 北 | 简装 | 底层(共10层) | 2010年建 | 板塔结合","355万","36,792元/平"
"此房满五唯一，视野开阔，阳光充足，复式两层结构。","方恒偶寓    -  宋家庄","4房间2卫 | 74.68平米 | 东 | 其他 | 高楼层(共15层) | 2011年建 | 板塔结合","299万","40,038元/平"
"方泽园 商品房 满五年 唯一 带电梯","方泽园    -  宋家庄","1室0厅 | 41.09平米 | 西 东 | 其他 | 低楼层(共16层) | 2005年建 | 板塔结合","255万","62,059元/平"
"尚三环 2室1厅 西南","尚三环    -  宋家庄","3房间1卫 | 67.44平米 | 西南 | 其他 | 中楼层(共15层) | 2005年建 | 塔楼","210万","31,139元/平"